,Year,Pollutant,Value
5,2015,NO,
6,2016,NO,-0.03892587793141588
7,2017,NO,0.095993944853282
8,2018,NO,0.07997779352055673
9,2019,NO,0.15100343726881765
