,Year,Pollutant,Value
10,2015,NO2,
11,2016,NO2,0.014011710479165206
12,2017,NO2,0.04213167345421739
13,2018,NO2,-0.010195280307263535
14,2019,NO2,0.028112746266024516
