,Year,Pollutant,Value
0,2015,CO,
1,2016,CO,-0.0597592077530854
2,2017,CO,-0.09709291613910664
3,2018,CO,0.021633235582784134
4,2019,CO,0.06638913444913269
