,Year,Pollutant,Value
25,2015,SO2,
26,2016,SO2,0.050966117446211955
27,2017,SO2,0.08620179750516913
28,2018,SO2,0.0045646137053348915
29,2019,SO2,0.10764557166680766
