,Year,Pollutant,Value
20,2015,PM10,
21,2016,PM10,0.03981006052009664
22,2017,PM10,0.04688769312715294
23,2018,PM10,0.144781665031301
24,2019,PM10,0.2085454922727217
