,Year,Pollutant,Value
15,2015,OZONE,
16,2016,OZONE,0.037027509228921625
17,2017,OZONE,0.04545864517137385
18,2018,OZONE,0.00780222734820515
19,2019,OZONE,0.02566010263973799
