area,value
Newcastle Area,47.5496530864653
Suburb Area,41.1742574691424
Sydney Area,58.1078191849521
