area,value
Newcastle Area,27855.1413160734
Suburb Area,3360.52255398405
Sydney Area,20801.1793478261
